{
  "cities": {
    "GUR": {
      "description": "Gurugram / Gurgaon",
      "aliases_name": ["Gurugram", "Gurgava", "Gurgoan"],
      "icon": "https://cdn.bookmyforex.com/city-image/gurgaon.png"
    },
    "DEL": {
      "description": "Delhi",
      "aliases_name": [
        "Delhi",            "Dilli",            "NCR Delhi",
        "New Delhi",        "East Delhi",       "South Delhi",
        "North Delhi",      "West Delhi",       "North East Delhi",
        "North West Delhi", "South East Delhi", "South West Delhi",
        "Central Delhi",    "Dehli",            "Delih",
        "Delli",            "Dhelhi",           "Delhie"
      ],
      "icon": "https://cdn.bookmyforex.com/city-image/delhi.png"
    },
    "NOI": {
      "description": "Noida",
      "aliases_name": [
        "NOIDA",             "Noida City",        "Greater Noida",
        "New Okhla",         "Gautam Budh Nagar", "Noidia",
        "Noyda",             "Noidah"
      ]
    },
    "MUM": {
      "description": "Mumbai",
      "aliases_name": [
        "Bombay",          "Bambai",          "Mumba",
        "Mumbai",          "Mumbai Suburban", "Mumbai City",
        "Mumbay",          "Mumabi",          "Mumbhai"
      ],
      "icon": "https://cdn.bookmyforex.com/city-image/mumbai.png"
    },
    "BNG": {
      "description": "Bengaluru",
      "associated_cities": ["Hubballi"],
      "aliases_name": [
        "Bangalore",  "Bengloor",   "Bengalooru", "Bangaluru",  "Bengluru",
        "Banglore",   "Bengalure",  "Bangluru"
      ],
      "icon": "https://cdn.bookmyforex.com/city-image/bangalore.png"
    },
    "CHN": {
      "description": "Chennai",
      "associated_cities": ["Puducherry", "Tiruvallur", "Chengalpattu"],
      "aliases_name": ["Madras", "Chenai", "Chenne", "Channai", "Chnai"],
      "icon": "https://cdn.bookmyforex.com/city-image/chennai.png"
    },
    "KOL": {
      "description": "Kolkata",
      "associated_cities": ["Howrah", "Salt Lake"],
      "aliases_name": ["Calcutta", "Kolkatta", "Kolkota", "Kolkotha"],
      "icon": "https://cdn.bookmyforex.com/city-image/kolkata.png"
    },
    "PUN": {
      "description": "Pune",
      "aliases_name": ["Poona", "Poon", "Puna", "Punne"],
      "icon": "https://cdn.bookmyforex.com/city-image/pune.png"
    },
    "HYD": {
      "description": "Hyderabad",
      "associated_cities": ["Nizamabad", "Karimnagar", "Warangal"],
      "aliases_name": ["Hedrabad", "Hedarbaad", "Haradrabaad", "Bhagyanagar"],
      "icon": "https://cdn.bookmyforex.com/city-image/hyderabad.png"
    },
    "THI": {
      "description": "Thiruvananthapuram",
      "associated_cities": ["Kollam"],
      "aliases_name": [
        "Trivandrum",        "Trivendrum",        "Tiruvanantapuram",
        "Thiruvanantpuram",  "Thiruvanathapuram"
      ]
    },
    "KOC": {
      "description": "Kochi",
      "associated_cities": ["Aluva"],
      "aliases_name": ["Cochin", "Koachi", "Kochy", "Kozi", "Kocchi"]
    },
    "GOA": {
      "description": "Goa",
      "aliases_name": ["Panjim", "Panajim", "Panjji", "Panjai"]
    },
    "PAN": {
      "description": "Panji",
      "associated_cities": ["Margao", "Vasco da Gama"],
      "aliases_name": ["Panjim", "Panajim", "Panjji", "Panjai"]
    },
    "PDY": {
      "description": "Pondicherry",
      "associated_cities": ["Cuddalore"],
      "aliases_name": [
        "Pondicherry", "Pondy",       "Pudducherry", "Puducheri",
        "Punducherry"
      ]
    },
    "ALLA": {
      "description": "Allahabad",
      "aliases_name": ["Allhabad", "Allhabed", "Allhabedh", "Prayagraj"]
    },
    "VAR": {
      "description": "Varanasi",
      "associated_cities": ["Prayagraj"],
      "aliases_name": [
        "Benares",   "Banaras",   "Kashi",     "Varanashi", "Varnasi",
        "Varnashi"
      ]
    },
    "PAT": {
      "description": "Patna",
      "associated_cities": ["Gaya", "Muzaffarpur"],
      "aliases_name": ["Patliputra", "Pataliputra", "Patnaa", "Patnna"]
    },
    "VAD": {
      "description": "Vadodara",
      "aliases_name": ["Baroda", "Vadodra", "Vadodraa"]
    },
    "SUR": {
      "description": "Surat",
      "aliases_name": ["Suryapur", "Soorat", "Surrat", "Suratt"]
    },
    "VSK": {
      "description": "Visakhapatnam",
      "associated_cities": ["Rajahmundry"],
      "aliases_name": [
        "Vizag",          "Waltair",        "Vishakhapatnam", "Visakapatanam",
        "Vizg",           "Visag",          "Vskp"
      ]
    },
    "MYS": {
      "description": "Mysore",
      "associated_cities": ["Mandya"],
      "aliases_name": ["Mysore", "Mysor", "Mysuru", "Misore"]
    },
    "HUBL": {
      "description": "Hubli",
      "associated_cities": ["Dharwad"],
      "aliases_name": ["Hubli", "Hubbali", "Huballi", "Hublii", "Hubballi"]
    },
    "MNG": {
      "description": "Mangalore",
      "associated_cities": ["Udupi"],
      "aliases_name": ["Mangalore", "Mangalor", "Mangaluru", "Mangloor"]
    },
    "BELG": {
      "description": "Belgaum",
      "aliases_name": ["Belgaum", "Belgavi", "Belgaon", "Belgam", "Belagavi"]
    },
    "TUMK": {
      "description": "Tumkur",
      "associated_cities": ["Chitradurga"],
      "aliases_name": ["Tumakuru", "Tumkur"]
    },
    "BELL": {
      "description": "Bellary",
      "associated_cities": ["Hosapete"],
      "aliases_name": ["Bellary", "Ballari"]
    },
    "TRI": {
      "description": "Tiruchirapalli",
      "aliases_name": [
        "Trichy",          "Tiruchi",         "Tiruchirapalli",
        "Trichi",          "Tiruchirapali",   "Tiruchirappalli"
      ]
    },
    "TIRU": {
      "description": "Tirunelveli",
      "aliases_name": ["Nellai", "Thirunelveli", "Tirunelvelli"]
    },
    "MAD": {
      "description": "Madurai",
      "aliases_name": ["Madura", "Madhurai", "Maduray", "Maduari"]
    },
    "KANY": {
      "description": "Kanyakumari",
      "aliases_name": [
        "Kanyakumari",   "Kanniyakmari",  "Kannykumari",   "Kanyakumri",
        "Kanniyakumari"
      ]
    },
    "BHB": {
      "description": "Bhubaneswar",
      "associated_cities": ["Cuttack", "Puri"],
      "aliases_name": [
        "Bhuvaneshwar", "Bhubaneshwar", "Bhubneshwar",  "Bhubanesswar"
      ]
    },
    "CUTT": {
      "description": "Cuttack",
      "aliases_name": ["Katak", "Cutak", "Cuttuck", "Kuttack"]
    },
    "GWH": {
      "description": "Guwahati",
      "associated_cities": ["Dispur", "Shillong"],
      "aliases_name": ["Gauhati", "Guwahaty", "Guwahatty", "Guwhati", "Guwahi"]
    }
  },
  "non_serviceable_cities": [
    {"name": "Abhayapuri"             },
    {"name": "Achabbal"               },
    {"name": "Adalaj"                 },
    {"name": "Adilabad"               },
    {"name": "Adityana"               },
    {"name": "Adoni"                  },
    {"name": "Adoor"                  },
    {"name": "Adra"                   },
    {"name": "Agra"                   },
    {"name": "Ahmedgarh"              },
    {"name": "Ahmednagar"             },
    {"name": "Ahiwara"                },
    {"name": "Aizawl"                 },
    {"name": "Ajmer"                  },
    {"name": "Akaltara"               },
    {"name": "Akathiyoor"             },
    {"name": "Akhnoor"                },
    {"name": "Akola"                  },
    {"name": "Alang"                  },
    {"name": "Alappuzha"              },
    {"name": "Aldona"                 },
    {"name": "Along"                  },
    {"name": "Alwar"                  },
    {"name": "Amadalavalasa"          },
    {"name": "Amalapuram"             },
    {"name": "Amarpur"                },
    {"name": "Ambagarh Chowki"        },
    {"name": "Ambaji"                 },
    {"name": "Ambaliyasan"            },
    {"name": "Ambikapur"              },
    {"name": "Amguri"                 },
    {"name": "Amlabad"                },
    {"name": "Amli"                   },
    {"name": "Amravati"               },
    {"name": "Amreli"                 },
    {"name": "Anakapalle"             },
    {"name": "Anandapur"              },
    {"name": "Anandnagaar"            },
    {"name": "Anantapur"              },
    {"name": "Anantnag"               },
    {"name": "Ancharakandy"           },
    {"name": "Andada"                 },
    {"name": "Anjar"                  },
    {"name": "Anklav"                 },
    {"name": "Antaliya"               },
    {"name": "Anugul"                 },
    {"name": "Ara"                    },
    {"name": "Arakkonam"              },
    {"name": "Arambhada"              },
    {"name": "Arang"                  },
    {"name": "Araria"                 },
    {"name": "Arasikere"              },
    {"name": "Arcot"                  },
    {"name": "Areraj"                 },
    {"name": "Arki"                   },
    {"name": "Arnia"                  },
    {"name": "Aroor"                  },
    {"name": "Arrah"                  },
    {"name": "Aruppukkottai"          },
    {"name": "Asarganj"               },
    {"name": "Asankhurd"              },
    {"name": "Ashtamichira"           },
    {"name": "Asika"                  },
    {"name": "Asola"                  },
    {"name": "Assandh"                },
    {"name": "Ateli"                  },
    {"name": "Attingal"               },
    {"name": "Atul"                   },
    {"name": "Avinissery"             },
    {"name": "Awantipora"             },
    {"name": "Babiyal"                },
    {"name": "Bade Bacheli"           },
    {"name": "Badepalle"              },
    {"name": "Baddi"                  },
    {"name": "Bagaha"                 },
    {"name": "Bahadurganj"            },
    {"name": "Bahadurgarh"            },
    {"name": "Bairgania"              },
    {"name": "Bakhtiarpur"            },
    {"name": "Balaghat"               },
    {"name": "Balangir"               },
    {"name": "Balasore"               },
    {"name": "Baleshwar"              },
    {"name": "Bali"                   },
    {"name": "Ballabhgarh"            },
    {"name": "Balod"                  },
    {"name": "Baloda Bazar"           },
    {"name": "Bamra"                  },
    {"name": "Bandikui"               },
    {"name": "Bandipore"              },
    {"name": "Banganapalle"           },
    {"name": "Banka"                  },
    {"name": "Banmankhi Bazar"        },
    {"name": "Banswara"               },
    {"name": "Bapatla"                },
    {"name": "Barahiya"               },
    {"name": "Baramati"               },
    {"name": "Baramula"               },
    {"name": "Baran"                  },
    {"name": "Barauli"                },
    {"name": "Barbigha"               },
    {"name": "Barbil"                 },
    {"name": "Bargarh"                },
    {"name": "Barh"                   },
    {"name": "Baripada"               },
    {"name": "Barmer"                 },
    {"name": "Barpeta"                },
    {"name": "Barpeta Road"           },
    {"name": "Barughutu"              },
    {"name": "Barwala"                },
    {"name": "Basudebpur"             },
    {"name": "Batala"                 },
    {"name": "Begusarai"              },
    {"name": "Behea"                  },
    {"name": "Bellampalle"            },
    {"name": "Bellary"                },
    {"name": "Belpahar"               },
    {"name": "Bemetra"                },
    {"name": "Bethamcherla"           },
    {"name": "Betul"                  },
    {"name": "Bettiah"                },
    {"name": "Bhabua"                 },
    {"name": "Bhadrachalam"           },
    {"name": "Bhadrak"                },
    {"name": "Bhagalpur"              },
    {"name": "Bhagha Purana"          },
    {"name": "Bhainsa"                },
    {"name": "Bhatapara"              },
    {"name": "Bhavani"                },
    {"name": "Bhawanipatnam"          },
    {"name": "Bheemunipatnam"         },
    {"name": "Bhimavaram"             },
    {"name": "Bhiwani"                },
    {"name": "Bhongir"                },
    {"name": "Bhuban"                 },
    {"name": "Bhuj"                   },
    {"name": "Bharuch"                },
    {"name": "Bihar Sharif"           },
    {"name": "Bikaner"                },
    {"name": "Bikramganj"             },
    {"name": "Bilasipara"             },
    {"name": "Bilaspur"               },
    {"name": "Biramitrapur"           },
    {"name": "Birgaon"                },
    {"name": "Bobbili"                },
    {"name": "Bodhan"                 },
    {"name": "Bodh Gaya"              },
    {"name": "Bokaro Steel City"      },
    {"name": "Bomdila"                },
    {"name": "Bongaigaon"             },
    {"name": "Brahmapur"              },
    {"name": "Brajrajnagar"           },
    {"name": "Budhlada"               },
    {"name": "Burhanpur"              },
    {"name": "Buxar"                  },
    {"name": "Byasanagar"             },
    {"name": "Cambay"                 },
    {"name": "Chaibasa"               },
    {"name": "Chakradharpur"          },
    {"name": "Chalakudy"              },
    {"name": "Chalisgaon"             },
    {"name": "Chamba"                 },
    {"name": "Champa"                 },
    {"name": "Champhai"               },
    {"name": "Chamrajnagar"           },
    {"name": "Chandan Bara"           },
    {"name": "Chandrapura"            },
    {"name": "Changanassery"          },
    {"name": "Chanpatia"              },
    {"name": "Charkhi Dadri"          },
    {"name": "Chatra"                 },
    {"name": "Cheeka"                 },
    {"name": "Chengalpattu"           },
    {"name": "Chengannur"             },
    {"name": "Chendamangalam"         },
    {"name": "Cherthala"              },
    {"name": "Cheruthazham"           },
    {"name": "Chhapra"                },
    {"name": "Chhatarpur"             },
    {"name": "Chikkaballapur"         },
    {"name": "Chikmagalur"            },
    {"name": "Chilakaluripet"         },
    {"name": "Chinchani"              },
    {"name": "Chinna Salem"           },
    {"name": "Chintamani"             },
    {"name": "Chirala"                },
    {"name": "Chirmiri"               },
    {"name": "Chirkunda"              },
    {"name": "Chitradurga"            },
    {"name": "Chittoor"               },
    {"name": "Chittur-thathamangalam" },
    {"name": "Chockli"                },
    {"name": "Churi"                  },
    {"name": "Colgong"                },
    {"name": "Coonoor"                },
    {"name": "Cuddapah"               },
    {"name": "Curchorem Cacora"       },
    {"name": "Dabra"                  },
    {"name": "Dahod"                  },
    {"name": "Dalli-rajhara"          },
    {"name": "Dalsinghsarai"          },
    {"name": "Daltonganj"             },
    {"name": "Daman and Diu"          },
    {"name": "Darbhanga"              },
    {"name": "Dasua"                  },
    {"name": "Datia"                  },
    {"name": "Daudnagar"              },
    {"name": "Davanagere"             },
    {"name": "Debagarh"               },
    {"name": "Deesa"                  },
    {"name": "Dehri-on-sone"          },
    {"name": "Deoghar"                },
    {"name": "Devarakonda"            },
    {"name": "Devgarh"                },
    {"name": "Dewas"                  },
    {"name": "Dhaka"                  },
    {"name": "Dhamtari"               },
    {"name": "Dhanbad"                },
    {"name": "Dhar"                   },
    {"name": "Dharampur"              },
    {"name": "Dharamsala"             },
    {"name": "Dharmavaram"            },
    {"name": "Dharmapuri"             },
    {"name": "Dharwad"                },
    {"name": "Dhekiajuli"             },
    {"name": "Dhenkanal"              },
    {"name": "Dholka"                 },
    {"name": "Dhubri"                 },
    {"name": "Dhule"                  },
    {"name": "Dhuri"                  },
    {"name": "Dibrugarh"              },
    {"name": "Didwana"                },
    {"name": "Digboi"                 },
    {"name": "Dighwara"               },
    {"name": "Dimapur"                },
    {"name": "Dinanagar"              },
    {"name": "Dindigul"               },
    {"name": "Diphu"                  },
    {"name": "Dipka"                  },
    {"name": "Dispur"                 },
    {"name": "Dombivli"               },
    {"name": "Dongargarh"             },
    {"name": "Dumka"                  },
    {"name": "Dumraon"                },
    {"name": "Durg-bhilai Nagar"      },
    {"name": "Ellenabad 2"            },
    {"name": "Eluru"                  },
    {"name": "Erattupetta"            },
    {"name": "Erode"                  },
    {"name": "Faridkot"               },
    {"name": "Farooqnagar"            },
    {"name": "Fatehabad"              },
    {"name": "Fatehpur"               },
    {"name": "Fatwah"                 },
    {"name": "Fazilka"                },
    {"name": "Firozpur"               },
    {"name": "Firozpur Cantt."        },
    {"name": "Forbesganj"             },
    {"name": "Gadag"                  },
    {"name": "Gadwal"                 },
    {"name": "Ganaur"                 },
    {"name": "Gandhinagar"            },
    {"name": "Garhwa"                 },
    {"name": "Gauripur"               },
    {"name": "Gaya"                   },
    {"name": "Gharaunda"              },
    {"name": "Ghatshila"              },
    {"name": "Giddarbaha"             },
    {"name": "Giridih"                },
    {"name": "Goalpara"               },
    {"name": "Gobranawapara"          },
    {"name": "Gobindgarh"             },
    {"name": "Godda"                  },
    {"name": "Godhra"                 },
    {"name": "Gogri Jamalpur"         },
    {"name": "Gohana"                 },
    {"name": "Golaghat"               },
    {"name": "Gomoh"                  },
    {"name": "Gopalganj"              },
    {"name": "Gooty"                  },
    {"name": "Gudalur"                },
    {"name": "Gudivada"               },
    {"name": "Gudur"                  },
    {"name": "Gulbarga"               },
    {"name": "Gumia"                  },
    {"name": "Gumla"                  },
    {"name": "Gundlupet"              },
    {"name": "Guntakal"               },
    {"name": "Guntur"                 },
    {"name": "Gunupur"                },
    {"name": "Guruvayoor"             },
    {"name": "Gwalior"                },
    {"name": "Haibat(yamuna Nagar)"   },
    {"name": "Haflong"                },
    {"name": "Hailakandi"             },
    {"name": "Hajipur"                },
    {"name": "Hamirpur"               },
    {"name": "Hansi"                  },
    {"name": "Hanuman Junction"       },
    {"name": "Hassan"                 },
    {"name": "Hazaribag"              },
    {"name": "Hilsa"                  },
    {"name": "Himatnagar"             },
    {"name": "Hindupur"               },
    {"name": "Hinjilicut"             },
    {"name": "Hisar"                  },
    {"name": "Hisua"                  },
    {"name": "Hodal"                  },
    {"name": "Hojai"                  },
    {"name": "Hospet"                 },
    {"name": "Hussainabad"            },
    {"name": "Ichalkaranji"           },
    {"name": "Ichchapuram"            },
    {"name": "Idar"                   },
    {"name": "Imphal"                 },
    {"name": "Irinjalakuda"           },
    {"name": "Islampur"               },
    {"name": "Itanagar"               },
    {"name": "Itarsi"                 },
    {"name": "Jagatsinghapur"         },
    {"name": "Jagdalpur"              },
    {"name": "Jagdispur"              },
    {"name": "Jaggaiahpet"            },
    {"name": "Jagtial"                },
    {"name": "Jaitu"                  },
    {"name": "Jajapur"                },
    {"name": "Jalalabad"              },
    {"name": "Jaleswar"               },
    {"name": "Jalna"                  },
    {"name": "Jamalpur"               },
    {"name": "Jammalamadugu"          },
    {"name": "Jamtara"                },
    {"name": "Jamui"                  },
    {"name": "Jandiala"               },
    {"name": "Jangaon"                },
    {"name": "Janjgir"                },
    {"name": "Jashpurnagar"           },
    {"name": "Jatani"                 },
    {"name": "Jehanabad"              },
    {"name": "Jeypur"                 },
    {"name": "Jhajha"                 },
    {"name": "Jhajjar"                },
    {"name": "Jhanjharpur"            },
    {"name": "Jharsuguda"             },
    {"name": "Jhumri Tilaiya"         },
    {"name": "Jind"                   },
    {"name": "Joda"                   },
    {"name": "Jogabani"               },
    {"name": "Jorhat"                 },
    {"name": "Jowai"                  },
    {"name": "Junagadh"               },
    {"name": "Kadapa"                 },
    {"name": "Kadi"                   },
    {"name": "Kadiri"                 },
    {"name": "Kadirur"                },
    {"name": "Kagaznagar"             },
    {"name": "Kaithal"                },
    {"name": "Kakching"               },
    {"name": "Kakinada"               },
    {"name": "Kalan Wali"             },
    {"name": "Kalavad"                },
    {"name": "Kalka"                  },
    {"name": "Kalliasseri"            },
    {"name": "Kalol"                  },
    {"name": "Kalpetta"               },
    {"name": "Kalyandurg"             },
    {"name": "Kamareddy"              },
    {"name": "Kanchipuram"            },
    {"name": "Kandukur"               },
    {"name": "Kanhangad"              },
    {"name": "Kanjikkuzhi"            },
    {"name": "Kanker"                 },
    {"name": "Kantabanji"             },
    {"name": "Kanti"                  },
    {"name": "Kapadvanj"              },
    {"name": "Kapurthala"             },
    {"name": "Karaikal"               },
    {"name": "Karanjia"               },
    {"name": "Karimganj"              },
    {"name": "Karkala"                },
    {"name": "Karoran"                },
    {"name": "Kartarpur"              },
    {"name": "Karungal"               },
    {"name": "Karur"                  },
    {"name": "Karwar"                 },
    {"name": "Karjan"                 },
    {"name": "Kasaragod"              },
    {"name": "Kathua"                 },
    {"name": "Katihar"                },
    {"name": "Katni"                  },
    {"name": "Kavali"                 },
    {"name": "Kavaratti"              },
    {"name": "Kawardha"               },
    {"name": "Kayamkulam"             },
    {"name": "Kendrapara"             },
    {"name": "Kendujhar"              },
    {"name": "Keshod"                 },
    {"name": "Khagaria"               },
    {"name": "Khambhalia"             },
    {"name": "Khambhat"               },
    {"name": "Khammam"                },
    {"name": "Kharagpur"              },
    {"name": "Kharar"                 },
    {"name": "Kheda"                  },
    {"name": "Khedbrahma"             },
    {"name": "Kheralu"                },
    {"name": "Khordha"                },
    {"name": "Khunti"                 },
    {"name": "Kishanganj"             },
    {"name": "Kodinar"                },
    {"name": "Kodungallur"            },
    {"name": "Kohima"                 },
    {"name": "Kokrajhar"              },
    {"name": "Kolar"                  },
    {"name": "Kollankodu"             },
    {"name": "Kondagaon"              },
    {"name": "Koraput"                },
    {"name": "Korba"                  },
    {"name": "Koratla"                },
    {"name": "Kota"                   },
    {"name": "Kot Kapura"             },
    {"name": "Kothamangalam"          },
    {"name": "Kothagudem"             },
    {"name": "Kothapeta"              },
    {"name": "Kotma"                  },
    {"name": "Koothuparamba"          },
    {"name": "Kovvur"                 },
    {"name": "Kunnamkulam"            },
    {"name": "Kurali"                 },
    {"name": "Kurnool"                },
    {"name": "Kyathampalle"           },
    {"name": "Lachhmangarh"           },
    {"name": "Ladnu"                  },
    {"name": "Ladwa"                  },
    {"name": "Lahar"                  },
    {"name": "Lakheri"                },
    {"name": "Lakhisarai"             },
    {"name": "Lakshmeshwar"           },
    {"name": "Lalganj"                },
    {"name": "Lalgudi"                },
    {"name": "Lalsot"                 },
    {"name": "Lanka"                  },
    {"name": "Lathi"                  },
    {"name": "Latur"                  },
    {"name": "Lilong"                 },
    {"name": "Limbdi"                 },
    {"name": "Lingsugur"              },
    {"name": "Loha"                   },
    {"name": "Lohardaga"              },
    {"name": "Lonar"                  },
    {"name": "Lonavla"                },
    {"name": "Longowal"               },
    {"name": "Losal"                  },
    {"name": "Lumding"                },
    {"name": "Lunawada"               },
    {"name": "Lundi"                  },
    {"name": "Lunglei"                },
    {"name": "Macherla"               },
    {"name": "Machilipatnam"          },
    {"name": "Madanapalle"            },
    {"name": "Maddur"                 },
    {"name": "Madgaon"                },
    {"name": "Madhepura"              },
    {"name": "Madhubani"              },
    {"name": "Madhugiri"              },
    {"name": "Madhupur"               },
    {"name": "Madikeri"               },
    {"name": "Magadi"                 },
    {"name": "Mahad"                  },
    {"name": "Mahbubnagar"            },
    {"name": "Mahe"                   },
    {"name": "Mahendragarh"           },
    {"name": "Maharajganj"            },
    {"name": "Maharajpur"             },
    {"name": "Mahasamund"             },
    {"name": "Mahesana"               },
    {"name": "Mahidpur"               },
    {"name": "Mahnar Bazar"           },
    {"name": "Mahuli"                 },
    {"name": "Mahuva"                 },
    {"name": "Maihar"                 },
    {"name": "Makhdumpur"             },
    {"name": "Makrana"                },
    {"name": "Malajkhand"             },
    {"name": "Malappuram"             },
    {"name": "Malavalli"              },
    {"name": "Malegaon"               },
    {"name": "Malerkotla"             },
    {"name": "Malkangiri"             },
    {"name": "Malkapur"               },
    {"name": "Malout"                 },
    {"name": "Malpura"                },
    {"name": "Malur"                  },
    {"name": "Manasa"                 },
    {"name": "Manavadar"              },
    {"name": "Manawar"                },
    {"name": "Manchar"                },
    {"name": "Mancherial"             },
    {"name": "Mandalgarh"             },
    {"name": "Mandamarri"             },
    {"name": "Mandapeta"              },
    {"name": "Mandawa"                },
    {"name": "Mandi"                  },
    {"name": "Mandi Dabwali"          },
    {"name": "Mandideep"              },
    {"name": "Mandla"                 },
    {"name": "Mandsaur"               },
    {"name": "Mandvi"                 },
    {"name": "Mandya"                 },
    {"name": "Maner"                  },
    {"name": "Mangaldoi"              },
    {"name": "Mangalvedhe"            },
    {"name": "Mangrol"                },
    {"name": "Mangrulpir"             },
    {"name": "Manihari"               },
    {"name": "Manjlegaon"             },
    {"name": "Mankachar"              },
    {"name": "Manmad"                 },
    {"name": "Mansa"                  },
    {"name": "Manuguru"               },
    {"name": "Manvi"                  },
    {"name": "Manwath"                },
    {"name": "Mapusa"                 },
    {"name": "Margherita"             },
    {"name": "Marhaura"               },
    {"name": "Mariani"                },
    {"name": "Marigaon"               },
    {"name": "Markapur"               },
    {"name": "Marmagao"               },
    {"name": "Masaurhi"               },
    {"name": "Mattannur"              },
    {"name": "Mauganj"                },
    {"name": "Maur"                   },
    {"name": "Mavelikkara"            },
    {"name": "Mavoor"                 },
    {"name": "Mayang Imphal"          },
    {"name": "Medak"                  },
    {"name": "Mehmedabad"             },
    {"name": "Mehkar"                 },
    {"name": "Merta City"             },
    {"name": "Mhaswad"                },
    {"name": "Mhow Cantonment"        },
    {"name": "Mhowgaon"               },
    {"name": "Mihijam"                },
    {"name": "Miraj"                  },
    {"name": "Mirganj"                },
    {"name": "Miryalaguda"            },
    {"name": "Modasa"                 },
    {"name": "Mogalthur"              },
    {"name": "Mokameh"                },
    {"name": "Mokokchung"             },
    {"name": "Morinda"                },
    {"name": "Morshi"                 },
    {"name": "Morvi"                  },
    {"name": "Motihari"               },
    {"name": "Motipur"                },
    {"name": "Mount Abu"              },
    {"name": "Mudalgi"                },
    {"name": "Mudbidri"               },
    {"name": "Muddebihal"             },
    {"name": "Mudhol"                 },
    {"name": "Mukerian"               },
    {"name": "Mukhed"                 },
    {"name": "Muktsar"                },
    {"name": "Mul"                    },
    {"name": "Mulbagal"               },
    {"name": "Multai"                 },
    {"name": "Mundargi"               },
    {"name": "Munger"                 },
    {"name": "Mungeli"                },
    {"name": "Murliganj"              },
    {"name": "Murtijapur"             },
    {"name": "Murwara"                },
    {"name": "Musabani"               },
    {"name": "Muvattupuzha"           },
    {"name": "Muzaffarpur"            },
    {"name": "Nabha"                  },
    {"name": "Nabarangapur"           },
    {"name": "Nadbai"                 },
    {"name": "Nagaon"                 },
    {"name": "Nagari"                 },
    {"name": "Nagarkurnool"           },
    {"name": "Nagar"                  },
    {"name": "Nagaur"                 },
    {"name": "Nagda"                  },
    {"name": "Nagercoil"              },
    {"name": "Naharlagun"             },
    {"name": "Nahan"                  },
    {"name": "Naila Janjgir"          },
    {"name": "Nainpur"                },
    {"name": "Nalasopara"             },
    {"name": "Nalbari"                },
    {"name": "Namagiripettai"         },
    {"name": "Namakkal"               },
    {"name": "Nanded-waghala"         },
    {"name": "Nandgaon"               },
    {"name": "Nandivaram-guduvancheri"},
    {"name": "Nandura"                },
    {"name": "Nandurbar"              },
    {"name": "Nandyal"                },
    {"name": "Nangal"                 },
    {"name": "Nanjangud"              },
    {"name": "Nanjikottai"            },
    {"name": "Narasapur"              },
    {"name": "Narasaraopet"           },
    {"name": "Narsinghgarh"           },
    {"name": "Narsipatnam"            },
    {"name": "Nargund"                },
    {"name": "Narkatiaganj"           },
    {"name": "Narkhed"                },
    {"name": "Narnaul"                },
    {"name": "Narwana"                },
    {"name": "Narayanpet"             },
    {"name": "Nasirabad"              },
    {"name": "Natham"                 },
    {"name": "Nathdwara"              },
    {"name": "Naugachhia"             },
    {"name": "Navalgund"              },
    {"name": "Nawalgarh"              },
    {"name": "Nawada"                 },
    {"name": "Nawanshahr"             },
    {"name": "Nawapur"                },
    {"name": "Neem-ka-thana"          },
    {"name": "Neemuch"                },
    {"name": "Nelamangala"            },
    {"name": "Nellikuppam"            },
    {"name": "Nellore"                },
    {"name": "Nepanagar"              },
    {"name": "Neyveli"                },
    {"name": "Neyyattinkara"          },
    {"name": "Nidadavole"             },
    {"name": "Nilanga"                },
    {"name": "Nimbahera"              },
    {"name": "Nipani"                 },
    {"name": "Nirmal"                 },
    {"name": "Niwai"                  },
    {"name": "Niwari"                 },
    {"name": "Nizamabad"              },
    {"name": "Nohar"                  },
    {"name": "Nokha"                  },
    {"name": "Nongstoin"              },
    {"name": "North Lakhimpur"        },
    {"name": "Nowgong"                },
    {"name": "Nowrozabad"             },
    {"name": "Nuzvid"                 },
    {"name": "O Valley"               },
    {"name": "Oddanchatram"           },
    {"name": "Ongole"                 },
    {"name": "Osmanabad"              },
    {"name": "Ottappalam"             },
    {"name": "Ozar"                   },
    {"name": "P.n.patti"              },
    {"name": "Pachora"                },
    {"name": "Pachore"                },
    {"name": "Pacode"                 },
    {"name": "Padmanabhapuram"        },
    {"name": "Padra"                  },
    {"name": "Paithan"                },
    {"name": "Pakaur"                 },
    {"name": "Palacole"               },
    {"name": "Palai"                  },
    {"name": "Palanpur"               },
    {"name": "Palani"                 },
    {"name": "Palasa Kasibugga"       },
    {"name": "Palghar"                },
    {"name": "Pali"                   },
    {"name": "Palitana"               },
    {"name": "Palladam"               },
    {"name": "Pallapatti"             },
    {"name": "Pallikonda"             },
    {"name": "Palwal"                 },
    {"name": "Palwancha"              },
    {"name": "Panagar"                },
    {"name": "Panagudi"               },
    {"name": "Panaji"                 },
    {"name": "Pandharkaoda"           },
    {"name": "Pandharpur"             },
    {"name": "Pandhurna"              },
    {"name": "Panipat"                },
    {"name": "Panna"                  },
    {"name": "Panniyannur"            },
    {"name": "Panruti"                },
    {"name": "Pappinisseri"           },
    {"name": "Paramakudi"             },
    {"name": "Parangipettai"          },
    {"name": "Paravoor"               },
    {"name": "Parbhani"               },
    {"name": "Pardi"                  },
    {"name": "Paradip"                },
    {"name": "Parlakhemundi"          },
    {"name": "Parli"                  },
    {"name": "Parola"                 },
    {"name": "Partur"                 },
    {"name": "Parvathipuram"          },
    {"name": "Pasan"                  },
    {"name": "Pasighat"               },
    {"name": "Patan"                  },
    {"name": "Pathardi"               },
    {"name": "Pathri"                 },
    {"name": "Patiala"                },
    {"name": "Patna"                  },
    {"name": "Patran"                 },
    {"name": "Patratu"                },
    {"name": "Pattamundai"            },
    {"name": "Pattukkottai"           },
    {"name": "Patti"                  },
    {"name": "Patur"                  },
    {"name": "Pauni"                  },
    {"name": "Pavagada"               },
    {"name": "Payyannur"              },
    {"name": "Pedana"                 },
    {"name": "Peddapuram"             },
    {"name": "Pen"                    },
    {"name": "Perambalur"             },
    {"name": "Peravurani"             },
    {"name": "Peringathur"            },
    {"name": "Perinthalmanna"         },
    {"name": "Periyakulam"            },
    {"name": "Periyasemur"            },
    {"name": "Pernampattu"            },
    {"name": "Perumbavoor"            },
    {"name": "Petlad"                 },
    {"name": "Phalodi"                },
    {"name": "Phaltan"                },
    {"name": "Phulabani"              },
    {"name": "Phulera"                },
    {"name": "Phusro"                 },
    {"name": "Pilani"                 },
    {"name": "Pilibanga"              },
    {"name": "Pindwara"               },
    {"name": "Pinjore"                },
    {"name": "Pipar City"             },
    {"name": "Pipariya"               },
    {"name": "Piro"                   },
    {"name": "Pithampur"              },
    {"name": "Pithapuram"             },
    {"name": "Pollachi"               },
    {"name": "Polur"                  },
    {"name": "Pondur"                 },
    {"name": "Ponneri"                },
    {"name": "Ponnani"                },
    {"name": "Ponnur"                 },
    {"name": "Porbandar"              },
    {"name": "Porsa"                  },
    {"name": "Port Blair"             },
    {"name": "Prantij"                },
    {"name": "Pratapgarh"             },
    {"name": "Prithvipur"             },
    {"name": "Proddatur"              },
    {"name": "Pudukkottai"            },
    {"name": "Pudupattinam"           },
    {"name": "Pulgaon"                },
    {"name": "Puliyankudi"            },
    {"name": "Punch"                  },
    {"name": "Punjaipugalur"          },
    {"name": "Punganur"               },
    {"name": "Puri"                   },
    {"name": "Purnia"                 },
    {"name": "Purna"                  },
    {"name": "Pusad"                  },
    {"name": "Puttur"                 },
    {"name": "Qadian"                 },
    {"name": "Quilandy"               },
    {"name": "Rabkavi Banhatti"       },
    {"name": "Radhanpur"              },
    {"name": "Rafiganj"               },
    {"name": "Raghogarh-vijaypur"     },
    {"name": "Rahatgarh"              },
    {"name": "Rahuri"                 },
    {"name": "Raichur"                },
    {"name": "Raigarh"                },
    {"name": "Raikot"                 },
    {"name": "Rairangpur"             },
    {"name": "Raisinghnagar"          },
    {"name": "Raisen"                 },
    {"name": "Rajagangapur"           },
    {"name": "Rajahmundry"            },
    {"name": "Rajakhera"              },
    {"name": "Rajaldesar"             },
    {"name": "Rajam"                  },
    {"name": "Rajampet"               },
    {"name": "Rajapalayam"            },
    {"name": "Rajauri"                },
    {"name": "Rajgarh"                },
    {"name": "Rajgarh (alwar)"        },
    {"name": "Rajgarh (churu"         },
    {"name": "Rajgir"                 },
    {"name": "Rajpipla"               },
    {"name": "Rajpura"                },
    {"name": "Rajsamand"              },
    {"name": "Rajula"                 },
    {"name": "Rajura"                 },
    {"name": "Ramachanduram"          },
    {"name": "Ramagundam"             },
    {"name": "Ramanagaram"            },
    {"name": "Ramanathapuram"         },
    {"name": "Ramdurg"                },
    {"name": "Rameshwaram"            },
    {"name": "Ramganj Mandi"          },
    {"name": "Ramnagar"               },
    {"name": "Ramngarh"               },
    {"name": "Rampura Phul"           },
    {"name": "Ramtek"                 },
    {"name": "Ranavav"                },
    {"name": "Rangia"                 },
    {"name": "Rania"                  },
    {"name": "Ranibennur"             },
    {"name": "Rapar"                  },
    {"name": "Rasipuram"              },
    {"name": "Ratangarh"              },
    {"name": "Ratia"                  },
    {"name": "Ratlam"                 },
    {"name": "Ratnagiri"              },
    {"name": "Rau"                    },
    {"name": "Raurkela"               },
    {"name": "Raver"                  },
    {"name": "Rawatbhata"             },
    {"name": "Rawatsar"               },
    {"name": "Raxaul Bazar"           },
    {"name": "Rayachoti"              },
    {"name": "Rayadurg"               },
    {"name": "Rayagada"               },
    {"name": "Reengus"                },
    {"name": "Rehli"                  },
    {"name": "Renigunta"              },
    {"name": "Repalle"                },
    {"name": "Revelganj"              },
    {"name": "Rewa"                   },
    {"name": "Rewari"                 },
    {"name": "Risod"                  },
    {"name": "Robertson Pet"          },
    {"name": "Rohtak"                 },
    {"name": "Ron"                    },
    {"name": "Rosera"                 },
    {"name": "Rupnagar"               },
    {"name": "Sabalgarh"              },
    {"name": "Sadalgi"                },
    {"name": "Sadasivpet"             },
    {"name": "Sadri"                  },
    {"name": "Sadulshahar"            },
    {"name": "Safidon"                },
    {"name": "Sagar"                  },
    {"name": "Sagwara"                },
    {"name": "Saharsa"                },
    {"name": "Sahibganj"              },
    {"name": "Saiha"                  },
    {"name": "Sailu"                  },
    {"name": "Saidpur"                },
    {"name": "Sakleshpur"             },
    {"name": "Sakti"                  },
    {"name": "Salaya"                 },
    {"name": "Salur"                  },
    {"name": "Samalkha"               },
    {"name": "Samalkot"               },
    {"name": "Samana"                 },
    {"name": "Samastipur"             },
    {"name": "Sambalpur"              },
    {"name": "Sambhar"                },
    {"name": "Sanand"                 },
    {"name": "Sanawad"                },
    {"name": "Sanchore"               },
    {"name": "Sandur"                 },
    {"name": "Sangamner"              },
    {"name": "Sangaria"               },
    {"name": "Sangareddy"             },
    {"name": "Sangole"                },
    {"name": "Sangrur"                },
    {"name": "Sankarankoil"           },
    {"name": "Sankari"                },
    {"name": "Sankeshwar"             },
    {"name": "Sarangpur"              },
    {"name": "Sardarshahar"           },
    {"name": "Sarni"                  },
    {"name": "Sasaram"                },
    {"name": "Sasvad"                 },
    {"name": "Satana"                 },
    {"name": "Satara"                 },
    {"name": "Sathyamangalam"         },
    {"name": "Satna"                  },
    {"name": "Sattenapalle"           },
    {"name": "Sattur"                 },
    {"name": "Saunda"                 },
    {"name": "Saundatti-yellamma"     },
    {"name": "Sausar"                 },
    {"name": "Savanur"                },
    {"name": "Savarkundla"            },
    {"name": "Savner"                 },
    {"name": "Sawai Madhopur"         },
    {"name": "Sawantwadi"             },
    {"name": "Sedam"                  },
    {"name": "Sehore"                 },
    {"name": "Sendhwa"                },
    {"name": "Seoni"                  },
    {"name": "Seoni-malwa"            },
    {"name": "Shahabad"               },
    {"name": "Shahbad"                },
    {"name": "Shahade"                },
    {"name": "Shahdol"                },
    {"name": "Shahpur"                },
    {"name": "Shahpura"               },
    {"name": "Shajapur"               },
    {"name": "Shamgarh"               },
    {"name": "Shamsabad"              },
    {"name": "Shegaon"                },
    {"name": "Sheikhpura"             },
    {"name": "Shendurjana"            },
    {"name": "Shenkottai"             },
    {"name": "Sheoganj"               },
    {"name": "Sheohar"                },
    {"name": "Sheopur"                },
    {"name": "Sherghati"              },
    {"name": "Shiggaon"               },
    {"name": "Shikapur"               },
    {"name": "Shikarpur"              },
    {"name": "Shillong"               },
    {"name": "Shimla"                 },
    {"name": "Shimoga"                },
    {"name": "Shirdi"                 },
    {"name": "Shirpur-warwade"        },
    {"name": "Shirur"                 },
    {"name": "Shivpuri"               },
    {"name": "Sholavandan"            },
    {"name": "Sholingur"              },
    {"name": "Shorapur"               },
    {"name": "Shoranur"               },
    {"name": "Shrigonda"              },
    {"name": "Shrirampur"             },
    {"name": "Shrirangapattana"       },
    {"name": "Shujalpur"              },
    {"name": "Sibsagar"               },
    {"name": "Siddipet"               },
    {"name": "Sidhpur"                },
    {"name": "Sidhi"                  },
    {"name": "Sidlaghatta"            },
    {"name": "Sihora"                 },
    {"name": "Sihor"                  },
    {"name": "Sikar"                  },
    {"name": "Silao"                  },
    {"name": "Silapathar"             },
    {"name": "Silchar"                },
    {"name": "Sillod"                 },
    {"name": "Silvassa"               },
    {"name": "Simdega"                },
    {"name": "Sindgi"                 },
    {"name": "Sindhnur"               },
    {"name": "Singapur"               },
    {"name": "Singrauli"              },
    {"name": "Sinnar"                 },
    {"name": "Sira"                   },
    {"name": "Sircilla"               },
    {"name": "Sirhind Fatehgarh Sahib"},
    {"name": "Sirkali"                },
    {"name": "Sirohi"                 },
    {"name": "Sironj"                 },
    {"name": "Sirsa"                  },
    {"name": "Sirsi"                  },
    {"name": "Siruguppa"              },
    {"name": "Sitamarhi"              },
    {"name": "Sivaganga"              },
    {"name": "Sivagiri"               },
    {"name": "Sivakasi"               },
    {"name": "Siwan"                  },
    {"name": "Sohagpur"               },
    {"name": "Sohna"                  },
    {"name": "Sojat"                  },
    {"name": "Solan"                  },
    {"name": "Solapur"                },
    {"name": "Sonepur"                },
    {"name": "Sonipat"                },
    {"name": "Songadh"                },
    {"name": "Sopore"                 },
    {"name": "Soro"                   },
    {"name": "Soyagaon"               },
    {"name": "Sri Madhopur"           },
    {"name": "Srikakulam"             },
    {"name": "Srikalahasti"           },
    {"name": "Srinagar"               },
    {"name": "Srinivaspur"            },
    {"name": "Srivilliputhur"         },
    {"name": "Sugauli"                },
    {"name": "Sujanpur"               },
    {"name": "Sultanganj"             },
    {"name": "Sumerpur"               },
    {"name": "Sunabeda"               },
    {"name": "Sunam"                  },
    {"name": "Sundarnagar"            },
    {"name": "Sundargarh"             },
    {"name": "Supaul"                 },
    {"name": "Surandai"               },
    {"name": "Suratgarh"              },
    {"name": "Suryapet"               },
    {"name": "Suriyampalayam"         },
    {"name": "Tadepalligudem"         },
    {"name": "Tadpatri"               },
    {"name": "Talaja"                 },
    {"name": "Talcher"                },
    {"name": "Talegaon Dabhade"       },
    {"name": "Talikota"               },
    {"name": "Taliparamba"            },
    {"name": "Talode"                 },
    {"name": "Talwara"                },
    {"name": "Tandur"                 },
    {"name": "Tanuku"                 },
    {"name": "Tarana"                 },
    {"name": "Taranagar"              },
    {"name": "Taraori"                },
    {"name": "Tarikere"               },
    {"name": "Tasgaon"                },
    {"name": "Tekkalakota"            },
    {"name": "Tenali"                 },
    {"name": "Tenkasi"                },
    {"name": "Tenu Dam-cum- Kathhara" },
    {"name": "Terdal"                 },
    {"name": "Tezpur"                 },
    {"name": "Thammampatti"           },
    {"name": "Thanesar"               },
    {"name": "Thangadh"               },
    {"name": "Thanjavur"              },
    {"name": "Tharad"                 },
    {"name": "Tharamangalam"          },
    {"name": "Tharangambadi"          },
    {"name": "Theni Allinagaram"      },
    {"name": "Thirumangalam"          },
    {"name": "Thirunindravur"         },
    {"name": "Thiruparappu"           },
    {"name": "Thirupuvanam"           },
    {"name": "Thiruthuraipoondi"      },
    {"name": "Thiruvalla"             },
    {"name": "Thiruvallur"            },
    {"name": "Thiruvarur"             },
    {"name": "Thiruvethipuram"        },
    {"name": "Thodupuzha"             },
    {"name": "Thoothukudi"            },
    {"name": "Thoubal"                },
    {"name": "Thuraiyur"              },
    {"name": "Tikamgarh"              },
    {"name": "Tilda Newra"            },
    {"name": "Tindivanam"             },
    {"name": "Tinsukia"               },
    {"name": "Tiptur"                 },
    {"name": "Tirora"                 },
    {"name": "Tiruchendur"            },
    {"name": "Tiruchengode"           },
    {"name": "Tirukalukundram"        },
    {"name": "Tirukkoyilur"           },
    {"name": "Tirunelveli"            },
    {"name": "Tirupathur"             },
    {"name": "Tirupati"               },
    {"name": "Tiruttani"              },
    {"name": "Tiruvannamalai"         },
    {"name": "Titlagarh"              },
    {"name": "Tittakudi"              },
    {"name": "Todabhim"               },
    {"name": "Todaraisingh"           },
    {"name": "Tohana"                 },
    {"name": "Tonk"                   },
    {"name": "Tuensang"               },
    {"name": "Tuljapur"               },
    {"name": "Tumkur"                 },
    {"name": "Tumsar"                 },
    {"name": "Tuni"                   },
    {"name": "Tura"                   },
    {"name": "Uchgaon"                },
    {"name": "Udaipurwati"            },
    {"name": "Udhagamandalam"         },
    {"name": "Udhampur"               },
    {"name": "Udgir"                  },
    {"name": "Udumalaipettai"         },
    {"name": "Ujhani"                 },
    {"name": "Ujjain"                 },
    {"name": "Umaria"                 },
    {"name": "Umarga"                 },
    {"name": "Umarkhed"               },
    {"name": "Umarkote"               },
    {"name": "Umbergaon"              },
    {"name": "Umred"                  },
    {"name": "Umreth"                 },
    {"name": "Unjha"                  },
    {"name": "Unnamalaikadai"         },
    {"name": "Upleta"                 },
    {"name": "Uran"                   },
    {"name": "Uran Islampur"          },
    {"name": "Uravakonda"             },
    {"name": "Urmar Tanda"            },
    {"name": "Usilampatti"            },
    {"name": "Uthamapalayam"          },
    {"name": "Uthiramerur"            },
    {"name": "Vadakkuvalliyur"        },
    {"name": "Vadalur"                },
    {"name": "Vadgaon Kasba"          },
    {"name": "Vadnagar"               },
    {"name": "Vadipatti"              },
    {"name": "Vaijapur"               },
    {"name": "Vaikom"                 },
    {"name": "Valparai"               },
    {"name": "Valsad"                 },
    {"name": "Vandavasi"              },
    {"name": "Vaniyambadi"            },
    {"name": "Vapi"                   },
    {"name": "Vasai"                  },
    {"name": "Vedaranyam"             },
    {"name": "Vellakoil"              },
    {"name": "Vello"                  },
    {"name": "Venkatagiri"            },
    {"name": "Veraval"                },
    {"name": "Vicarabad"              },
    {"name": "Vidisha"                },
    {"name": "Vijainagar"             },
    {"name": "Vijayapura"             },
    {"name": "Vijapur"                },
    {"name": "Vinukonda"              },
    {"name": "Viramgam"               },
    {"name": "Virar"                  },
    {"name": "Visnagar"               },
    {"name": "Vita"                   },
    {"name": "Vizianagaram"           },
    {"name": "Vyara"                  },
    {"name": "Wadi"                   },
    {"name": "Wadgaon Road"           },
    {"name": "Wadhwan"                },
    {"name": "Wai"                    },
    {"name": "Wanaparthy"             },
    {"name": "Wani"                   },
    {"name": "Wankaner"               },
    {"name": "Wara Seoni"             },
    {"name": "Wardha"                 },
    {"name": "Warisaliganj"           },
    {"name": "Warora"                 },
    {"name": "Warud"                  },
    {"name": "Washim"                 },
    {"name": "Wokha"                  },
    {"name": "Yadgir"                 },
    {"name": "Yamunanagar"            },
    {"name": "Yanam"                  },
    {"name": "Yavatmal"               },
    {"name": "Yawal"                  },
    {"name": "Yellandu"               },
    {"name": "Yemmiganur"             },
    {"name": "Yerraguntla"            },
    {"name": "Yevla"                  },
    {"name": "Zahirabad"              },
    {"name": "Zira"                   },
    {"name": "Zirakpur"               },
    {"name": "Zunheboto"              }
  ]
}
